,count,mean,std,min,25%,50%,75%,max
Wax_Load,48.0,9.166666666666666,0.3766217885773548,9.0,9.0,9.0,9.0,10.0
