,count,mean,std,min,25%,50%,75%,max
Wax_Load,48.0,16.666666666666668,37.66217885773549,0.0,0.0,0.0,0.0,100.0
