,count,mean,std,min,25%,50%,75%,max
Wax_Load,48.0,14.333333333333334,0.47639306734033077,14.0,14.0,14.0,15.0,15.0
