,count,mean,std,min,25%,50%,75%,max
Wax_Load,48.0,8.333333333333334,27.93101938654642,0.0,0.0,0.0,0.0,100.0
