,count,mean,std,min,25%,50%,75%,max
Wax_Load,48.0,11.166666666666666,15.961833912303806,0.0,0.0,0.0,33.0,34.0
