,count,mean,std,min,25%,50%,75%,max
Wax_Load,48.0,33.333333333333336,47.63930673403308,0.0,0.0,0.0,100.0,100.0
