,count,mean,std,min,25%,50%,75%,max
Wax_Load,120.0,16.666666666666668,37.42405942825601,0.0,0.0,0.0,0.0,100.0
