,count,mean,std,min,25%,50%,75%,max
Wax_Load,120.0,8.333333333333334,27.754425291281006,0.0,0.0,0.0,0.0,100.0
