,count,mean,std,min,25%,50%,75%,max
Wax_Load,120.0,33.333333333333336,47.33810683311511,0.0,0.0,0.0,100.0,100.0
