,count,mean,std,min,25%,50%,75%,max
Wax_Load,120.0,11.166666666666666,15.860915088700928,0.0,0.0,0.0,33.0,34.0
