,count,mean,std,min,25%,50%,75%,max
Wax_Load,120.0,14.333333333333334,0.47338106833115035,14.0,14.0,14.0,15.0,15.0
