,count,mean,std,min,25%,50%,75%,max
Wax_Load,120.0,9.166666666666666,0.3742405942825594,9.0,9.0,9.0,9.0,10.0
