,count,mean,std,min,25%,50%,75%,max
Wax_Load,150.0,9.133333333333333,0.34107344692436514,9.0,9.0,9.0,9.0,10.0
