,count,mean,std,min,25%,50%,75%,max
Wax_Load,150.0,7.733333333333333,0.4436981056400241,7.0,7.0,8.0,8.0,8.0
