,count,mean,std,min,25%,50%,75%,max
Wax_Load,150.0,11.133333333333333,15.800206721384328,0.0,0.0,0.0,33.0,34.0
