,count,mean,std,min,25%,50%,75%,max
Wax_Load,150.0,16.666666666666668,23.649188492020123,0.0,0.0,0.0,50.0,50.0
