,count,mean,std,min,25%,50%,75%,max
Wax_Load,150.0,12.533333333333333,0.500558971667006,12.0,12.0,13.0,13.0,13.0
