,count,mean,std,min,25%,50%,75%,max
Wax_Load,150.0,8.333333333333334,11.824594246010061,0.0,0.0,0.0,25.0,25.0
