,count,mean,std,min,25%,50%,75%,max
Wax_Load,150.0,14.333333333333334,0.4729837698404016,14.0,14.0,14.0,15.0,15.0
