,count,mean,std,min,25%,50%,75%,max
Wax_Load,150.0,33.333333333333336,47.298376984040246,0.0,0.0,0.0,100.0,100.0
