,count,mean,std,min,25%,50%,75%,max
Wax_Load,60.0,9.133333333333333,0.3428033318008817,9.0,9.0,9.0,9.0,10.0
