,count,mean,std,min,25%,50%,75%,max
Wax_Load,60.0,12.533333333333333,0.5030977485864636,12.0,12.0,13.0,13.0,13.0
