,count,mean,std,min,25%,50%,75%,max
Wax_Load,60.0,7.733333333333333,0.4459484908564836,7.0,7.0,8.0,8.0,8.0
