,count,mean,std,min,25%,50%,75%,max
Wax_Load,60.0,8.333333333333334,11.884567213538205,0.0,0.0,0.0,25.0,25.0
