,count,mean,std,min,25%,50%,75%,max
Wax_Load,60.0,16.666666666666668,23.76913442707641,0.0,0.0,0.0,50.0,50.0
