,count,mean,std,min,25%,50%,75%,max
Wax_Load,60.0,33.333333333333336,47.53826885415282,0.0,0.0,0.0,100.0,100.0
